"FFM","STAIDT","obs_n","percent_IQR","percent_I80R","pred_med_IQR","pred_med_IQR_up","pred_med_IQR_low","pred_med_I80R","pred_med_I80R_up","pred_med_I80R_low"
"Peak_Dur_50","T10258000",35,31.4285714285714,88.5714285714286,1,0,0,1,0,0
"Peak_Dur_50","T10310000",33,75.7575757575758,93.9393939393939,1,0,0,1,0,0
"Peak_Dur_50","T10336780",28,14.2857142857143,50,0,0,1,0,0,1
"Peak_Dur_50","T10343500",31,19.3548387096774,80.6451612903226,0,0,1,1,0,0
"Peak_Dur_50","T11237500",32,43.75,84.375,1,0,0,1,0,0
"Peak_Dur_50","T11264500",34,41.1764705882353,64.7058823529412,1,0,0,1,0,0
"Peak_Dur_50","T11266500",33,30.3030303030303,75.7575757575758,1,0,0,1,0,0
"Peak_Dur_50","T11282000",26,26.9230769230769,73.0769230769231,1,0,0,1,0,0
